product_id,ean,sku,product_name,category,brand,norm,is_active,created_at
1,0850794933950,SKU-00001,EPI - Fort Beau,EPI,DeltaPlus,,True,2024-11-25
2,1921175767323,SKU-00002,Quincaillerie - Chaîne Hésiter,Quincaillerie,3M,,True,2024-11-11
3,8319819641543,SKU-00003,Outillage - Perdu Celui,Outillage,3M,,True,2025-12-05
4,0085473441703,SKU-00004,EPI - Second Terreur,EPI,Makita,,True,2024-10-01
5,3161060359013,SKU-00005,Plomberie - Ce Acte,Plomberie,DeltaPlus,,True,2025-08-08
6,8319819641543,SKU-00006,Plomberie - Enfance Début,Plomberie,Honeywell,,True,2025-04-18
7,8546431209428,SKU-00007,EPI - Distance Changement,EPI,DeltaPlus,EN 397,True,2024-11-27
8,3215994488995,SKU-00008,Outillage - Seuil Précieux,Outillage,3M,,True,2026-01-19
9,5559733328585,SKU-00009,Plomberie - Amour Moindre,Plomberie,Bosch,,True,2024-08-17
10,8319819641543,SKU-00010,EPI - Passer Exécuter,EPI,Bosch,EN 388,True,2025-10-30
11,4233731893962,SKU-00011,Plomberie - Qualité Trois,Plomberie,Honeywell,,True,2024-04-18
12,4339751059514,SKU-00012,Outillage - Nord Conclure,Outillage,Honeywell,,True,2024-06-21
13,0313652492414,SKU-00013,Plomberie - Recommencer Déjà,Plomberie,Uvex,,True,2025-09-25
14,5478021054435,SKU-00014,EPI - Place Attirer,EPI,Stanley,EN 388,True,2025-10-01
15,1929718679317,SKU-00015,Électricité - Donner Recevoir,Électricité,Uvex,,True,2025-12-05
16,4327963296315,SKU-00016,Quincaillerie - Premier Allumer,,3M,,True,2025-01-24
17,3195602605382,SKU-00017,Outillage - Rompre Connaître,Outillage,Stanley,,True,2024-10-23
18,0373233975392,SKU-00018,Quincaillerie - Vieux Aimer,Quincaillerie,DeltaPlus,,True,2025-08-13
19,9823546942945,SKU-00019,EPI - Soleil Recevoir,EPI,Honeywell,EN 397,True,2025-04-13
20,1896521773115,SKU-00020,Quincaillerie - Visite Sujet,Quincaillerie,Stanley,,True,2024-02-23
21,5383670032577,SKU-00021,Quincaillerie - Yeux Valeur,Quincaillerie,Bosch,,True,2025-01-05
22,7178577097990,SKU-00022,Quincaillerie - Seconde Humide,Quincaillerie,Stanley,,True,2024-03-20
23,7766654847844,SKU-00023,EPI - Quelque Double,EPI,Makita,EN 149,True,2024-05-23
24,7766362875979,SKU-00024,Plomberie - Avoir Respecter,Plomberie,DeltaPlus,,True,2025-01-20
25,6557503466931,SKU-00025,Électricité - Impression Semaine,Électricité,DeltaPlus,,True,2024-09-27
26,2319073264706,SKU-00026,,Plomberie,Uvex,,True,2025-08-08
27,9439190710429,SKU-00027,Plomberie - Rejoindre Sûr,Plomberie,Stanley,,True,2025-08-18
28,0096399315290,SKU-00028,Quincaillerie - Effacer Partir,Quincaillerie,Bosch,,True,2024-11-07
29,8810051976153,SKU-00029,Outillage - Cabinet Chute,Outillage,Makita,,True,2024-09-12
30,5733447519518,SKU-00030,EPI - Loi Rappeler,EPI,DeltaPlus,,True,2025-06-14
31,3933184909340,SKU-00031,Outillage - Rêver Savoir,Outillage,Stanley,,True,2024-09-29
32,9129947094451,SKU-00032,Quincaillerie - Sentier Cesser,Quincaillerie,DeltaPlus,,True,2024-05-24
33,9985978320767,SKU-00033,Outillage - Partie Vraiment,Outillage,Stanley,,True,2024-03-05
34,2559171529325,SKU-00034,EPI - Demande Rose,EPI,Honeywell,EN 166,True,2025-10-23
35,0088629997222,SKU-00035,Électricité - Façon Pour,Électricité,Makita,,True,2025-04-30
36,7543549406078,SKU-00036,Quincaillerie - Chambre Cours,Quincaillerie,3M,,True,2024-06-13
37,5483728214334,SKU-00037,Quincaillerie - Sembler Main,Quincaillerie,Uvex,,True,2026-01-11
38,5069786662524,SKU-00038,Outillage - Raconter Certain,Outillage,Makita,,True,2025-11-14
39,3769303423684,SKU-00039,Quincaillerie - Siècle Chaîne,Quincaillerie,Makita,,True,2024-04-10
40,9405982082517,SKU-00040,EPI - Contre Matière,EPI,Bosch,,True,2024-05-27
41,9264486836039,SKU-00041,Outillage - Endroit Jouer,Outillage,Bosch,,True,2025-03-24
42,0846792769110,SKU-00042,Outillage - Raconter Occasion,Outillage,3M,,True,2025-12-19
43,5594143313509,SKU-00043,Électricité - Machine Société,Électricité,Honeywell,,True,2024-06-06
44,9385168141026,SKU-00044,Quincaillerie - Embrasser Cacher,Quincaillerie,Makita,,True,2024-12-16
45,4719026796526,SKU-00045,Plomberie - De Dresser,Plomberie,3M,,True,2024-03-20
46,5839776432549,SKU-00046,Quincaillerie - Pourquoi Terme,Quincaillerie,Stanley,,True,2025-08-17
47,4269754881655,SKU-00047,EPI - Frais Prière,EPI,3M,EN 397,True,2025-06-25
48,1295123695526,SKU-00048,Quincaillerie - Employer Dame,Quincaillerie,Honeywell,,True,2025-04-21
49,0371665015525,SKU-00049,Quincaillerie - Pas Pointe,Quincaillerie,DeltaPlus,,True,2024-02-28
50,5208506176334,SKU-00050,Outillage - Attendre Allumer,Outillage,Bosch,,True,2025-05-25
51,3298054911749,SKU-00051,Quincaillerie - Emporter Avant,Quincaillerie,3M,,True,2025-07-04
52,1131449122707,SKU-00052,Électricité - Soir Pièce,Électricité,Honeywell,,True,2025-04-03
53,8239211005173,SKU-00053,Électricité - Naître Cesse,Électricité,3M,,True,2024-06-16
54,8005228092907,SKU-00054,Quincaillerie - Aucun Déjà,Quincaillerie,3M,,True,2025-11-25
55,8899438095670,SKU-00055,Outillage - Action Haute,Outillage,Makita,,True,2025-02-22
56,0769346290215,SKU-00056,Plomberie - Rêve Ici,Plomberie,Bosch,,True,2026-01-19
57,0441571172701,SKU-00057,Quincaillerie - Perdu Société,Quincaillerie,Makita,,True,2026-01-17
58,0378091928221,SKU-00058,Plomberie - Profond Note,Plomberie,Honeywell,,True,2024-07-21
59,2109057789222,SKU-00059,Plomberie - Consulter Engager,Plomberie,Honeywell,,True,2025-03-29
60,3677267329532,SKU-00060,Quincaillerie - Danser Assez,Quincaillerie,3M,,True,2025-03-27
61,0512584617890,SKU-00061,Outillage - Durant Regard,Outillage,Bosch,,True,2024-02-17
62,5784162138058,SKU-00062,Électricité - Que Fils,Électricité,DeltaPlus,,True,2024-06-24
63,4971940912875,SKU-00063,EPI - Tenter Dieu,EPI,Stanley,EN 397,True,2024-10-20
64,8324541859258,SKU-00064,Outillage - As Gros,Outillage,Makita,,True,2025-10-23
65,7024189143511,SKU-00065,Outillage - Sept Aventure,Outillage,Stanley,,True,2025-10-12
66,6643368041885,SKU-00066,Électricité - Ramasser Musique,Électricité,Bosch,,True,2024-10-07
67,9915941168027,SKU-00067,EPI - Lors Fille,EPI,Honeywell,EN 149,True,2024-06-11
68,2035628810760,SKU-00068,Plomberie - Préférer Pareil,Plomberie,Honeywell,,True,2026-02-04
69,7497095381214,SKU-00069,Plomberie - Droit Son,Plomberie,Uvex,,True,2025-10-05
70,4839423891997,SKU-00070,Plomberie - Neuf Derrière,Plomberie,Stanley,,True,2024-03-17
71,2049452095507,SKU-00071,EPI - Étendre Quart,EPI,Makita,,True,2024-04-22
72,7721539699925,SKU-00072,EPI - Sûr Dormir,EPI,Makita,EN ISO 20345,True,2025-09-02
73,4074850149802,SKU-00073,Quincaillerie - Problème Éprouver,Quincaillerie,Stanley,,True,2024-03-07
74,4559667623061,SKU-00074,Quincaillerie - Source Souffrance,Quincaillerie,DeltaPlus,,True,2024-08-27
75,7962256938984,SKU-00075,Quincaillerie - Couler Debout,Quincaillerie,Honeywell,,True,2024-09-22
76,9238831030632,SKU-00076,Outillage - Puissant Signer,Outillage,Honeywell,,True,2024-03-09
77,4951321008854,SKU-00077,EPI - Paquet Sombre,EPI,Makita,,True,2026-01-05
78,1941577776273,SKU-00078,Quincaillerie - Corps Haut,Quincaillerie,Bosch,,True,2024-04-14
79,1656504399837,SKU-00079,Outillage - Fête Émotion,Outillage,Bosch,,True,2024-02-24
80,0671127665573,SKU-00080,EPI - Appuyer Sol,EPI,Stanley,,True,2024-07-08
81,3815726888224,SKU-00081,Quincaillerie - Dresser Si,Quincaillerie,Stanley,,True,2024-10-08
82,0233754871644,SKU-00082,Plomberie - Ligne Produire,Plomberie,Bosch,,True,2025-11-23
83,0250589195165,SKU-00083,Outillage - Français Tempête,Outillage,3M,,True,2025-01-21
84,0631465580853,SKU-00084,Quincaillerie - Repas Façon,Quincaillerie,Stanley,,True,2025-09-06
85,9729480421846,SKU-00085,Outillage - Question Désespoir,Outillage,Bosch,,True,2025-01-26
86,8086770241395,SKU-00086,Plomberie - Résister Feu,Plomberie,DeltaPlus,,True,2024-07-11
87,4121444341934,SKU-00087,Plomberie - Avis Forcer,Plomberie,Uvex,,True,2025-04-30
88,2867614549732,SKU-00088,Électricité - Aile Demeurer,Électricité,DeltaPlus,,True,2024-12-03
89,6857025639579,SKU-00089,EPI - Prier Courage,EPI,Uvex,EN 166,True,2025-12-29
90,6047875639175,SKU-00090,Outillage - Retirer Sang,Outillage,DeltaPlus,,True,2025-08-08
91,6381524568318,SKU-00091,Outillage - Attacher Lentement,Outillage,Bosch,,True,2025-12-31
92,5426646561982,SKU-00092,EPI - Ce Chiffre,EPI,DeltaPlus,,True,2025-09-11
93,4280372393429,SKU-00093,Électricité - Personne Crainte,Électricité,Stanley,,True,2024-10-15
94,8536471120487,SKU-00094,EPI - Faute Trembler,EPI,Stanley,EN ISO 20345,True,2025-09-25
95,8040107181310,SKU-00095,Outillage - Militaire Mieux,Outillage,3M,,True,2025-03-06
96,7790260432606,SKU-00096,Électricité - Oui Intérieur,Électricité,Bosch,,True,2025-05-02
97,6779945199059,SKU-00097,Outillage - Céder Dans,Outillage,Uvex,,True,2025-10-13
98,2573553821500,SKU-00098,Plomberie - Chemin Champ,Plomberie,Stanley,,True,2025-07-18
99,3522153978526,SKU-00099,Plomberie - Auprès Après,Plomberie,Honeywell,,True,2024-02-18
100,0531257313396,SKU-00100,Outillage - Sonner Poitrine,Outillage,Bosch,,True,2026-02-12
101,7416134529479,SKU-00101,Outillage - Bas Toile,Outillage,Makita,,True,2024-04-30
102,4766978781087,SKU-00102,Quincaillerie - Quand Accord,Quincaillerie,Honeywell,,True,2024-12-30
103,7761301518269,SKU-00103,Quincaillerie - Ombre Ramener,Quincaillerie,Honeywell,,True,2024-12-20
104,3512897295041,SKU-00104,Plomberie - Côté Vivant,Plomberie,Honeywell,,True,2026-01-10
105,2323362036776,SKU-00105,EPI - Oeil Un,EPI,3M,EN 388,True,2024-07-09
106,7716719130213,SKU-00106,EPI - Remarquer Plaire,EPI,Uvex,EN 397,True,2024-09-14
107,4471857170875,SKU-00107,Plomberie - Essuyer Occasion,Plomberie,Bosch,,True,2025-05-15
108,2408622252124,SKU-00108,Outillage - Regretter Souvent,Outillage,Bosch,,True,2025-10-07
109,9340318409159,SKU-00109,Outillage - Remplacer Ciel,Outillage,DeltaPlus,,True,2024-03-25
110,9381099756858,SKU-00110,EPI - Fruit Accomplir,EPI,Makita,,True,2024-04-04
111,9263730860028,SKU-00111,EPI - Repas Eau,EPI,3M,EN 397,True,2026-01-26
112,2848479419279,SKU-00112,EPI - Colon Mal,EPI,Stanley,EN 166,True,2025-03-27
113,1978323371963,SKU-00113,EPI - Confiance Chasser,EPI,Bosch,EN 388,True,2024-06-04
114,6877674735538,SKU-00114,Quincaillerie - Indiquer Fonction,Quincaillerie,Makita,,True,2025-05-21
115,7931903161204,SKU-00115,Électricité - Condamner Toit,Électricité,3M,,True,2024-05-04
116,5059792634776,SKU-00116,Plomberie - Mille Charge,Plomberie,3M,,True,2024-04-19
117,7822872921046,SKU-00117,Plomberie - Juger Ciel,Plomberie,Bosch,,True,2025-12-04
118,1361943781166,SKU-00118,Électricité - Remarquer Garder,Électricité,3M,,True,2025-07-15
119,1674920086452,SKU-00119,Électricité - Perdu Risquer,Électricité,Stanley,,True,2024-10-28
120,8282603021534,SKU-00120,Électricité - Jeune Connaissance,Électricité,3M,,True,2025-02-26
121,9740114656892,SKU-00121,EPI - Droit Représenter,EPI,DeltaPlus,,True,2024-07-01
122,8327795680043,SKU-00122,Électricité - Valeur Bataille,Électricité,Uvex,,True,2025-05-12
123,2871774505248,SKU-00123,Électricité - Face Société,Électricité,Honeywell,,True,2024-06-01
124,9141430960913,SKU-00124,Électricité - Bas Crise,Électricité,Stanley,,True,2024-10-03
125,7175582147498,SKU-00125,EPI - Pays Retenir,EPI,Makita,,True,2025-10-20
126,3915529824402,SKU-00126,EPI - Roman Tourner,EPI,DeltaPlus,EN 149,True,2025-11-27
127,5673853559527,SKU-00127,Quincaillerie - Peur Habiter,Quincaillerie,Stanley,,True,2025-06-21
128,3475136929483,SKU-00128,EPI - Suivre Dangereux,EPI,3M,EN 388,True,2024-12-27
129,3434841901016,SKU-00129,Outillage - Femme Effort,Outillage,Bosch,,True,2024-12-28
130,7670596651257,SKU-00130,Électricité - Toute Fenêtre,Électricité,3M,,True,2024-10-30
131,2912658416479,SKU-00131,Électricité - Cerveau Étage,Électricité,3M,,True,2026-01-08
132,3825412173909,SKU-00132,Quincaillerie - Comment Demande,Quincaillerie,Honeywell,,True,2025-08-01
133,4602645641233,SKU-00133,Outillage - Lèvre En,Outillage,Stanley,,True,2024-05-21
134,0394774877396,SKU-00134,EPI - Montagne Représenter,EPI,Honeywell,EN ISO 20345,True,2025-06-22
135,2484484301774,SKU-00135,EPI - Puisque Jeune,EPI,DeltaPlus,,True,2025-01-17
136,4570011285131,SKU-00136,Plomberie - Raconter Quand,Plomberie,Stanley,,True,2025-02-18
137,4470945770973,SKU-00137,EPI - En Corps,EPI,DeltaPlus,EN 388,True,2024-11-09
138,1174772712702,SKU-00138,Outillage - Renoncer Race,Outillage,Honeywell,,True,2025-07-14
139,7954982977207,SKU-00139,Électricité - Connaissance Point,Électricité,Honeywell,,True,2025-04-14
140,8843484999772,SKU-00140,Outillage - Détail Arriver,Outillage,Stanley,,True,2025-10-23
141,1498918734084,SKU-00141,Électricité - Placer Désormais,Électricité,DeltaPlus,,True,2024-08-24
142,8498376752982,SKU-00142,Outillage - Porte Réveiller,Outillage,Honeywell,,True,2024-08-21
143,1931770439587,SKU-00143,EPI - Départ Cuisine,EPI,Honeywell,EN 166,True,2024-03-16
144,8599828517262,SKU-00144,Électricité - Peu Pensée,Électricité,Uvex,,True,2024-10-07
145,3670288588391,SKU-00145,Électricité - Annoncer Poche,Électricité,Makita,,True,2025-08-15
146,0789490914638,SKU-00146,Plomberie - Beaux Parcourir,Plomberie,Makita,,True,2025-01-19
147,9218792791490,SKU-00147,Électricité - Si Million,Électricité,3M,,True,2025-02-14
148,3184864209407,SKU-00148,Outillage - Visite Forcer,Outillage,Uvex,,True,2024-03-19
149,8531206044151,SKU-00149,Outillage - Coup Vêtement,Outillage,DeltaPlus,,True,2025-07-10
150,4041586256340,SKU-00150,Plomberie - Ordre Accorder,Plomberie,Makita,,True,2024-05-15
151,7378166254166,SKU-00151,Plomberie - Carte Fil,Plomberie,DeltaPlus,,True,2025-03-28
152,6929225812301,SKU-00152,Quincaillerie - Courant Consentir,Quincaillerie,DeltaPlus,,True,2025-04-05
153,9891123563784,SKU-00153,EPI - Monsieur Imaginer,EPI,Bosch,EN 149,True,2024-10-02
154,9432903847146,SKU-00154,Plomberie - Obtenir Instant,Plomberie,Stanley,,True,2025-04-13
155,6630799113236,SKU-00155,Plomberie - Mourir Vieil,Plomberie,3M,,True,2024-10-23
156,1336079408393,SKU-00156,EPI - Haut Vraiment,EPI,Bosch,EN 397,True,2025-06-23
157,7503791980849,SKU-00157,Outillage - Éclat Fille,Outillage,DeltaPlus,,True,2025-01-22
158,7808135577359,SKU-00158,Plomberie - Sortir Croiser,Plomberie,DeltaPlus,,True,2024-11-02
159,1092469960222,SKU-00159,Outillage - Supérieur Quinze,Outillage,Honeywell,,True,2025-06-17
160,8043864649505,SKU-00160,EPI - Livre Instant,EPI,Bosch,EN 388,True,2025-10-30
161,0132023539912,SKU-00161,Plomberie - Émotion Sourire,Plomberie,Bosch,,True,2026-01-08
162,9483724826322,SKU-00162,EPI - Noire Montrer,EPI,Bosch,EN 397,True,2025-08-24
163,7249676192258,SKU-00163,Électricité - Garçon Forêt,Électricité,Makita,,True,2024-05-18
164,6532420551502,SKU-00164,Plomberie - Représenter Choisir,Plomberie,Bosch,,True,2024-11-03
165,9563527153112,SKU-00165,Plomberie - Autrefois Direction,Plomberie,Uvex,,True,2024-04-24
166,1811709720439,SKU-00166,Quincaillerie - Mettre Réel,Quincaillerie,3M,,True,2024-10-04
167,9518443471857,SKU-00167,Quincaillerie - Enfermer Anglais,Quincaillerie,3M,,True,2026-02-10
168,2873002166542,SKU-00168,Quincaillerie - Habiller Pouvoir,Quincaillerie,Honeywell,,True,2025-08-04
169,6769429662032,SKU-00169,Outillage - Poids Contraire,Outillage,Makita,,True,2024-11-02
170,7899750979345,SKU-00170,Quincaillerie - Somme Combat,Quincaillerie,Honeywell,,True,2024-10-07
171,6620374161493,SKU-00171,Quincaillerie - Séparer Préparer,Quincaillerie,Stanley,,True,2025-09-28
172,2232172876567,SKU-00172,EPI - Billet Poste,EPI,DeltaPlus,EN 149,True,2025-09-23
173,6167504493623,SKU-00173,Plomberie - Pensée Bas,Plomberie,Bosch,,True,2025-09-13
174,3505916138771,SKU-00174,EPI - Instinct Signifier,EPI,DeltaPlus,EN ISO 20345,True,2025-02-18
175,7693261660859,SKU-00175,Outillage - Moment Fusil,Outillage,Bosch,,True,2024-09-27
176,2839482921187,SKU-00176,Quincaillerie - Haute Reconnaître,Quincaillerie,3M,,True,2025-08-31
177,4090369018606,SKU-00177,Quincaillerie - Aide Chance,Quincaillerie,DeltaPlus,,True,2024-11-12
178,7628439437537,SKU-00178,Outillage - Force Rendre,Outillage,Uvex,,True,2026-02-04
179,0405805829106,SKU-00179,Quincaillerie - Personne Ressembler,Quincaillerie,3M,,True,2026-01-02
180,7257644342468,SKU-00180,Électricité - Chaleur Éclater,Électricité,Stanley,,True,2025-12-02
181,2899894116168,SKU-00181,Plomberie - Étaler Billet,Plomberie,Makita,,True,2024-09-04
182,6509840408211,SKU-00182,Quincaillerie - Arrêter Seuil,Quincaillerie,Bosch,,True,2024-05-06
183,8430398284997,SKU-00183,Plomberie - Toile Voyager,Plomberie,DeltaPlus,,True,2025-12-15
184,0181955171769,SKU-00184,Plomberie - François Branche,Plomberie,Uvex,,True,2024-03-05
185,9564386528042,SKU-00185,EPI - Gauche Moindre,EPI,3M,EN 166,True,2025-02-16
186,9688929374184,SKU-00186,EPI - Ainsi Détail,EPI,DeltaPlus,,True,2025-07-26
187,9266114234996,SKU-00187,Plomberie - Se Troisième,Plomberie,3M,,True,2025-03-15
188,2299111710061,SKU-00188,Quincaillerie - Accompagner Saison,Quincaillerie,Uvex,,True,2024-10-23
189,6834659361106,SKU-00189,Plomberie - Marche Poser,Plomberie,3M,,True,2024-06-11
190,7189023075783,SKU-00190,Quincaillerie - Coup Précieux,Quincaillerie,3M,,True,2024-08-31
191,1321247080204,SKU-00191,Quincaillerie - Signifier Dormir,Quincaillerie,Bosch,,True,2024-11-24
192,4776733892415,SKU-00192,Électricité - Longtemps Trois,Électricité,Uvex,,True,2024-10-07
193,7496497297598,SKU-00193,EPI - Noir Coup,EPI,DeltaPlus,,True,2025-03-30
194,7834807800999,SKU-00194,Électricité - Valeur Race,Électricité,Stanley,,True,2025-03-08
195,3007800310138,SKU-00195,Quincaillerie - Autorité Bête,Quincaillerie,DeltaPlus,,True,2024-04-02
196,2092527602780,SKU-00196,EPI - Machine Juge,EPI,Uvex,EN 388,True,2024-02-26
197,5863835198183,SKU-00197,Quincaillerie - Remplir Soleil,Quincaillerie,3M,,True,2025-01-15
198,1347375513384,SKU-00198,Électricité - Grâce Taille,Électricité,Bosch,,True,2024-05-16
199,4872156674116,SKU-00199,Électricité - Loin Dimanche,Électricité,Bosch,,True,2025-01-10
200,7967036095932,SKU-00200,EPI - Exprimer Fenêtre,EPI,DeltaPlus,EN 397,True,2025-12-07
201,4288188112159,SKU-00201,Outillage - Noire Droite,Outillage,Bosch,,True,2025-10-05
202,3337805454675,SKU-00202,EPI - Guerre Mode,EPI,Stanley,EN 166,True,2026-02-07
203,2912876103694,SKU-00203,Plomberie - Fleur Acheter,Plomberie,Bosch,,True,2024-07-14
204,4972727591238,SKU-00204,Outillage - Emporter Bas,Outillage,Honeywell,,True,2025-02-09
205,4664203664696,SKU-00205,Outillage - Leur Malgré,Outillage,DeltaPlus,,True,2024-05-18
206,2331372411841,SKU-00206,Quincaillerie - Changement Absolument,Quincaillerie,Uvex,,True,2025-07-07
207,1515594200419,SKU-00207,EPI - Sentiment Dans,EPI,Uvex,EN 388,True,2026-01-26
208,7037522307792,SKU-00208,Outillage - Celui Entendre,Outillage,Makita,,True,2025-04-03
209,8870588789619,SKU-00209,EPI - Absolu Veiller,EPI,Uvex,EN ISO 20345,True,2024-11-27
210,3421306455054,SKU-00210,Électricité - Blanc Pont,Électricité,Bosch,,True,2024-06-11
211,9459016228068,SKU-00211,Outillage - Transformer Soir,Outillage,3M,,True,2024-02-29
212,4258784783688,SKU-00212,Outillage - Art Ensuite,Outillage,Stanley,,True,2024-12-23
213,8812897791839,SKU-00213,Outillage - Exiger Saint,Outillage,Honeywell,,True,2026-02-09
214,7649749866671,SKU-00214,EPI - Être Chaud,EPI,3M,,True,2024-05-19
215,1293306689010,SKU-00215,Quincaillerie - Nombreux Bête,Quincaillerie,Stanley,,True,2025-12-24
216,9857035416792,SKU-00216,Électricité - Verre Proposer,Électricité,Stanley,,True,2025-12-01
217,2535582663711,SKU-00217,Outillage - Côte Remercier,Outillage,Uvex,,True,2024-08-06
218,5895400540134,SKU-00218,Outillage - Attaquer Pouvoir,Outillage,Stanley,,True,2024-07-07
219,6601883988016,SKU-00219,EPI - Toi Écrire,EPI,Honeywell,EN 397,True,2024-02-25
220,1025460200141,SKU-00220,Électricité - Cerveau Mourir,Électricité,3M,,True,2025-06-26
221,0264629108381,SKU-00221,Outillage - Intelligence Suivre,Outillage,Stanley,,True,2024-03-05
222,9550844740293,SKU-00222,Électricité - Dangereux Enfant,Électricité,Uvex,,True,2024-07-11
223,7706795033003,SKU-00223,Quincaillerie - Embrasser Enfin,Quincaillerie,Stanley,,True,2024-03-15
224,0667386006479,SKU-00224,Outillage - Dur Huit,Outillage,3M,,True,2024-12-24
225,8926204530582,SKU-00225,EPI - Huit Cercle,EPI,Makita,EN 388,True,2025-08-22
226,8527490428708,SKU-00226,Électricité - Surveiller Camarade,Électricité,Uvex,,True,2024-02-16
227,4027804482807,SKU-00227,Quincaillerie - Sentiment Appartement,Quincaillerie,Stanley,,True,2024-12-24
228,7039715994086,SKU-00228,EPI - Bon Tête,EPI,Stanley,EN 166,True,2024-04-15
229,4170579826816,SKU-00229,Quincaillerie - Maladie Magnifique,Quincaillerie,Makita,,True,2024-10-19
230,1676783336385,SKU-00230,Plomberie - Précieux Souvenir,Plomberie,Honeywell,,True,2025-09-23
231,5246113197687,SKU-00231,Plomberie - Âme Marchand,Plomberie,Uvex,,True,2024-03-05
232,8544499766501,SKU-00232,EPI - Établir Vaste,EPI,DeltaPlus,EN 166,True,2026-02-10
233,0825865478715,SKU-00233,Outillage - Votre Salle,Outillage,Bosch,,True,2024-05-13
234,0792693904634,SKU-00234,Quincaillerie - Instant Profondément,Quincaillerie,DeltaPlus,,True,2024-07-21
235,4269599921547,SKU-00235,EPI - Violent Événement,EPI,Bosch,EN 149,True,2024-12-17
236,8255636399468,SKU-00236,Quincaillerie - Mari Religion,Quincaillerie,Makita,,True,2025-05-09
237,4273232801417,SKU-00237,Quincaillerie - Public Si,Quincaillerie,Honeywell,,True,2025-03-27
238,4925641923388,SKU-00238,Plomberie - Remercier Chien,Plomberie,Bosch,,True,2026-01-10
239,2046373001013,SKU-00239,EPI - Petit Changement,EPI,Honeywell,EN ISO 20345,True,2026-02-03
240,0149408774189,SKU-00240,Outillage - Confier Posséder,Outillage,Uvex,,True,2025-11-24
241,6265113037662,SKU-00241,EPI - Respecter Campagne,EPI,Makita,EN 149,True,2026-01-27
242,1428792607860,SKU-00242,EPI - Vêtement Fort,EPI,Bosch,EN ISO 20345,True,2025-05-19
243,6470619683682,SKU-00243,Outillage - Justice Vêtement,Outillage,Uvex,,True,2024-03-03
244,2749795795590,SKU-00244,Électricité - Contenter Imaginer,Électricité,DeltaPlus,,True,2025-05-29
245,5888163502716,SKU-00245,Quincaillerie - Midi Ouvrage,Quincaillerie,Bosch,,True,2024-02-24
246,4305242316565,SKU-00246,Quincaillerie - Même Avancer,Quincaillerie,Makita,,True,2024-09-28
247,5324189751856,SKU-00247,EPI - Campagne Plutôt,EPI,Makita,EN 166,True,2025-12-10
248,8414689540979,SKU-00248,Plomberie - Exiger Ami,Plomberie,Uvex,,True,2025-09-07
249,6739935124706,SKU-00249,Électricité - Douze Second,Électricité,Uvex,,True,2025-11-27
250,0278358850855,SKU-00250,Électricité - Secret Sept,Électricité,Makita,,True,2026-01-13
251,9761051726066,SKU-00251,Quincaillerie - Mauvais Flot,Quincaillerie,Bosch,,True,2025-11-23
252,0497496529342,SKU-00252,Outillage - Autorité Éloigner,Outillage,3M,,True,2024-10-04
253,7065473572839,SKU-00253,Électricité - Cacher Fort,Électricité,Makita,,True,2025-10-29
254,9497696088701,SKU-00254,Électricité - Fidèle Couleur,Électricité,Makita,,True,2025-12-08
255,2869753123064,SKU-00255,Outillage - Projet Troubler,Outillage,Bosch,,True,2025-05-26
256,6612865926674,SKU-00256,Plomberie - Tête Semaine,Plomberie,Uvex,,True,2025-09-28
257,9251563579569,SKU-00257,Électricité - Lire Brûler,Électricité,Bosch,,True,2025-12-18
258,5470730034494,SKU-00258,EPI - Titre Apparaître,EPI,Uvex,EN 166,True,2025-07-25
259,6930819300302,SKU-00259,Outillage - Résistance Aide,Outillage,Honeywell,,True,2025-07-22
260,3822012522991,SKU-00260,Plomberie - Lien Pièce,Plomberie,Bosch,,True,2026-01-02
261,1103788209975,SKU-00261,Quincaillerie - Bête Terre,Quincaillerie,Honeywell,,True,2024-07-26
262,0953214360210,SKU-00262,Électricité - Élément Jamais,Électricité,Honeywell,,True,2025-12-30
263,4019456508240,SKU-00263,Outillage - Entraîner Doigt,Outillage,Bosch,,True,2024-10-25
264,0417762835786,SKU-00264,Électricité - Réel Dire,Électricité,Stanley,,True,2025-11-19
265,1824428425653,SKU-00265,Outillage - Avec Douze,Outillage,Makita,,True,2024-05-07
266,3150706559405,SKU-00266,EPI - Poésie Tenir,EPI,Uvex,EN ISO 20345,True,2024-06-23
267,7882677149090,SKU-00267,Plomberie - Nez Plein,Plomberie,Uvex,,True,2025-04-20
268,9774540031657,SKU-00268,EPI - Rang Regretter,EPI,Stanley,EN 388,True,2025-10-18
269,3299412941590,SKU-00269,Quincaillerie - Votre Problème,Quincaillerie,3M,,True,2024-09-23
270,4189385887331,SKU-00270,Outillage - Curieux Voici,Outillage,3M,,True,2025-08-02
271,8216734202708,SKU-00271,EPI - Envie Remplir,EPI,DeltaPlus,EN 388,True,2025-05-03
272,0499461569759,SKU-00272,Électricité - Regretter Robe,Électricité,Bosch,,True,2024-08-02
273,6318068176686,SKU-00273,EPI - Douleur Éclater,EPI,Honeywell,EN 149,True,2024-04-07
274,2150256794630,SKU-00274,Plomberie - Mourir Étroit,Plomberie,3M,,True,2025-07-15
275,9364263201798,SKU-00275,Électricité - Lisser Enfant,Électricité,Honeywell,,True,2024-11-27
276,6477696817207,SKU-00276,Électricité - Décider Ah,Électricité,3M,,True,2024-05-19
277,3874024199395,SKU-00277,Outillage - Cri Saisir,Outillage,Makita,,True,2024-03-06
278,3803929692014,SKU-00278,EPI - Besoin Maladie,EPI,Stanley,EN 397,True,2025-10-27
279,2422838321986,SKU-00279,Électricité - Dire Poitrine,Électricité,3M,,True,2024-11-03
280,4336965643683,SKU-00280,Outillage - An Réfléchir,Outillage,Stanley,,True,2025-07-08
281,2494549716283,SKU-00281,Plomberie - Surtout Témoin,Plomberie,Honeywell,,True,2024-11-10
282,3948920237472,SKU-00282,EPI - Satisfaire Terreur,EPI,Bosch,EN 388,True,2024-12-14
283,9525422599730,SKU-00283,EPI - Prêter Souvent,EPI,Honeywell,EN 388,True,2024-06-03
284,4916672971035,SKU-00284,Électricité - Bien Construire,Électricité,Makita,,True,2025-12-29
285,2725244451347,SKU-00285,Plomberie - Autrement Trait,Plomberie,Bosch,,True,2025-02-20
286,2452244144770,SKU-00286,Plomberie - Toujours Encore,Plomberie,Uvex,,True,2024-08-25
287,1646414276311,SKU-00287,Électricité - Mon Sorte,Électricité,Bosch,,True,2024-08-24
288,0243827412124,SKU-00288,Plomberie - Jour Barbe,Plomberie,Honeywell,,True,2024-04-13
289,7536183887266,SKU-00289,Plomberie - Intérêt Lire,Plomberie,Honeywell,,True,2024-08-26
290,8786499063857,SKU-00290,Outillage - Soi Barbe,Outillage,Makita,,True,2024-04-23
291,9823524586307,SKU-00291,Électricité - Demander Violent,Électricité,Honeywell,,True,2025-11-28
292,2320787082623,SKU-00292,Quincaillerie - Partout Pur,Quincaillerie,Stanley,,True,2026-01-09
293,9905076386991,SKU-00293,Outillage - Résistance Plaire,Outillage,Stanley,,True,2024-08-04
294,4359288466630,SKU-00294,Quincaillerie - Chute Parti,Quincaillerie,Stanley,,True,2024-12-12
295,2363432073331,SKU-00295,Plomberie - Vert Curieux,Plomberie,Honeywell,,True,2024-12-11
296,1867287538058,SKU-00296,Outillage - Mer Rôle,Outillage,Uvex,,True,2025-02-24
297,5184039364144,SKU-00297,Électricité - Auprès Endormir,Électricité,DeltaPlus,,True,2024-04-20
298,9812359437144,SKU-00298,Quincaillerie - Campagne User,Quincaillerie,3M,,True,2025-07-26
299,6299649716760,SKU-00299,Quincaillerie - D'autres Étaler,Quincaillerie,Uvex,,True,2024-06-26
300,2535225076571,SKU-00300,Quincaillerie - Déclarer Bas,Quincaillerie,Bosch,,True,2025-01-30
301,6059289070857,SKU-00301,EPI - Bras Chance,EPI,3M,EN 388,True,2024-07-13
302,8647803645537,SKU-00302,Outillage - Ici Contenter,Outillage,Honeywell,,True,2024-03-09
303,9044874014108,SKU-00303,Outillage - Désigner Arracher,Outillage,Makita,,True,2024-02-23
304,3437131268073,SKU-00304,Outillage - Couleur Compte,Outillage,DeltaPlus,,True,2025-10-13
305,6401147378320,SKU-00305,Électricité - En Réalité,Électricité,Honeywell,,True,2025-09-03
306,7449276303140,SKU-00306,Quincaillerie - Rare Prix,Quincaillerie,Bosch,,True,2024-04-08
307,4459841754157,SKU-00307,Électricité - Lèvre Puissant,Électricité,Honeywell,,True,2025-02-08
308,7129626214905,SKU-00308,EPI - Écraser Plus,EPI,3M,EN 149,True,2024-12-14
309,7935041499427,SKU-00309,Électricité - Appuyer Capable,Électricité,Stanley,,True,2025-03-05
310,6257771449536,SKU-00310,Plomberie - Amener Ventre,Plomberie,Makita,,True,2024-11-16
311,2100683700391,SKU-00311,EPI - Voile Bois,EPI,Stanley,EN ISO 20345,True,2025-01-06
312,7953616609132,SKU-00312,Électricité - Haut Assister,Électricité,Honeywell,,True,2025-07-08
313,0903271609685,SKU-00313,EPI - Lien Durant,EPI,Uvex,EN 166,True,2024-12-30
314,7457791233224,SKU-00314,Électricité - Oncle Rôle,Électricité,Stanley,,True,2024-06-15
315,6013551214646,SKU-00315,Électricité - Soldat Cela,Électricité,Bosch,,True,2024-10-06
316,7581684308802,SKU-00316,Plomberie - Planche Courage,Plomberie,Stanley,,True,2025-10-20
317,7951538202202,SKU-00317,Plomberie - Haute Fil,Plomberie,3M,,True,2025-07-23
318,6180170644649,SKU-00318,Électricité - Rapidement Carte,Électricité,3M,,True,2025-08-04
319,5308276011689,SKU-00319,Quincaillerie - Robe Nez,Quincaillerie,Honeywell,,True,2024-12-24
320,6593644684797,SKU-00320,Électricité - Puis Traverser,Électricité,DeltaPlus,,True,2025-10-12
321,3900291051781,SKU-00321,Électricité - Yeux Épais,Électricité,Uvex,,True,2024-06-11
322,8152030861907,SKU-00322,Électricité - Et Tâche,Électricité,Makita,,True,2024-04-18
323,7587600979170,SKU-00323,Outillage - Place Décider,Outillage,Stanley,,True,2026-01-27
324,9196305549151,SKU-00324,Électricité - Lit Embrasser,Électricité,3M,,True,2025-10-09
325,7047870960822,SKU-00325,Plomberie - Goutte Également,Plomberie,Bosch,,True,2024-05-14
326,4702627418911,SKU-00326,EPI - Midi Digne,EPI,Honeywell,EN ISO 20345,True,2025-12-27
327,6278845924902,SKU-00327,Plomberie - Déjà Moment,Plomberie,Makita,,True,2025-10-12
328,2898501917891,SKU-00328,EPI - Forme Soldat,EPI,DeltaPlus,,True,2024-02-25
329,6237850358515,SKU-00329,Électricité - Avis Garde,Électricité,3M,,True,2025-05-01
330,7055082173718,SKU-00330,Électricité - Visible Leur,Électricité,3M,,True,2025-05-14
331,4754530293390,SKU-00331,EPI - Caresser Commander,EPI,Uvex,EN 149,True,2024-12-22
332,8556426382586,SKU-00332,Quincaillerie - Objet Rencontrer,Quincaillerie,3M,,True,2024-10-11
333,0985816402104,SKU-00333,Électricité - Étonner Énergie,Électricité,Uvex,,True,2024-03-07
334,3078895006701,SKU-00334,Quincaillerie - Robe Maintenant,Quincaillerie,Stanley,,True,2025-02-11
335,0639081973134,SKU-00335,Électricité - Ressembler Rapidement,Électricité,Uvex,,True,2025-11-23
336,3409534588676,SKU-00336,Électricité - Armée Armée,Électricité,Uvex,,True,2024-08-29
337,9376391412250,SKU-00337,EPI - Pareil Vous,EPI,Honeywell,EN 397,True,2025-05-30
338,5002372185786,SKU-00338,Plomberie - Rester Rassurer,Plomberie,DeltaPlus,,True,2025-12-08
339,0129566432688,SKU-00339,Quincaillerie - Cher Poste,Quincaillerie,3M,,True,2024-02-18
340,0308132993741,SKU-00340,EPI - Commencement Bien,EPI,Stanley,,True,2025-08-24
341,1876419991159,SKU-00341,EPI - Vol Frais,EPI,Stanley,EN 397,True,2025-02-02
342,2229838138732,SKU-00342,Outillage - Lever Depuis,Outillage,3M,,True,2025-04-26
343,7831067681856,SKU-00343,EPI - Aventure Soumettre,EPI,Bosch,EN 388,True,2024-09-16
344,2824437592628,SKU-00344,Outillage - Apporter Commander,Outillage,3M,,True,2024-04-25
345,3012245426436,SKU-00345,Électricité - Dieu Certain,Électricité,Makita,,True,2025-10-28
346,7241837393566,SKU-00346,EPI - Tempête Parler,EPI,Bosch,EN 388,True,2025-09-27
347,9358315128812,SKU-00347,Électricité - Pain Entourer,Électricité,Makita,,True,2025-02-22
348,9442884713477,SKU-00348,Quincaillerie - Bas Fumer,Quincaillerie,Stanley,,True,2025-12-14
349,3025712380117,SKU-00349,Quincaillerie - Professeur Douze,Quincaillerie,3M,,True,2026-02-05
350,2188841390196,SKU-00350,Plomberie - Sommeil Peser,Plomberie,Bosch,,True,2025-12-06
351,7146755700239,SKU-00351,EPI - Durant Rapport,EPI,Stanley,EN 388,True,2024-10-10
352,7039434860280,SKU-00352,Quincaillerie - Éviter Matière,Quincaillerie,DeltaPlus,,True,2024-12-04
353,0120007872780,SKU-00353,Plomberie - Note Si,Plomberie,DeltaPlus,,True,2024-09-16
354,1129134894985,SKU-00354,Quincaillerie - Verser Amour,Quincaillerie,Bosch,,True,2024-12-09
355,8397327977262,SKU-00355,Électricité - Riche Envie,Électricité,Honeywell,,True,2025-03-19
356,6207111406507,SKU-00356,Outillage - Tel Signer,Outillage,DeltaPlus,,True,2025-03-16
357,9906478222726,SKU-00357,Plomberie - Mer Seulement,Plomberie,Makita,,True,2025-10-20
358,9694900994999,SKU-00358,Outillage - Continuer Masse,Outillage,DeltaPlus,,True,2025-05-03
359,6164042050486,SKU-00359,Quincaillerie - Fixer Faveur,Quincaillerie,Stanley,,True,2024-08-28
360,7184050096381,SKU-00360,Plomberie - Vieillard Vieillard,Plomberie,Stanley,,True,2024-12-03
361,0287097360044,SKU-00361,EPI - Apporter Chasser,EPI,Stanley,EN ISO 20345,True,2025-12-12
362,0974830271940,SKU-00362,EPI - Nerveux Perdre,EPI,Uvex,EN ISO 20345,True,2026-01-08
363,3033280378177,SKU-00363,Électricité - Sauvage Ceci,Électricité,Makita,,True,2025-06-09
364,4985820142559,SKU-00364,Quincaillerie - On Delà,Quincaillerie,DeltaPlus,,True,2024-10-25
365,0007359563392,SKU-00365,Plomberie - Désir Travail,Plomberie,Makita,,True,2025-07-09
366,6051516359094,SKU-00366,Quincaillerie - Volonté Mien,Quincaillerie,DeltaPlus,,True,2024-04-19
367,6233539816246,SKU-00367,Électricité - Distinguer Sentir,Électricité,Stanley,,True,2024-08-15
368,8073557499308,SKU-00368,Électricité - Distinguer Même,Électricité,DeltaPlus,,True,2024-09-07
369,6297708152597,SKU-00369,Électricité - Traiter Ville,Électricité,Uvex,,True,2024-12-12
370,1484276035178,SKU-00370,Électricité - Poste Honneur,Électricité,Makita,,True,2024-10-08
371,4950313030934,SKU-00371,Outillage - Vague Frais,Outillage,Honeywell,,True,2025-11-08
372,0415319531129,SKU-00372,Outillage - Rôle Saisir,Outillage,Makita,,True,2025-06-26
373,7987558096545,SKU-00373,Plomberie - Recueillir Absolument,Plomberie,Makita,,True,2024-11-04
374,4977007157975,SKU-00374,Quincaillerie - Justice Complet,Quincaillerie,Bosch,,True,2025-09-16
375,1357497294559,SKU-00375,Plomberie - Goût Retour,Plomberie,Stanley,,True,2024-09-16
376,1509414367437,SKU-00376,Électricité - Descendre Faire,Électricité,Honeywell,,True,2024-11-12
377,1244511115054,SKU-00377,Électricité - Considérer Pour,Électricité,Stanley,,True,2024-09-01
378,9474186363890,SKU-00378,Plomberie - Auprès Soumettre,Plomberie,Uvex,,True,2025-10-30
379,6745293603777,SKU-00379,Quincaillerie - Désir Rang,Quincaillerie,Stanley,,True,2024-11-22
380,8093844297462,SKU-00380,Outillage - Depuis Porte,Outillage,Stanley,,True,2024-08-09
381,5867237905400,SKU-00381,EPI - Muet Lettre,EPI,Uvex,EN 149,True,2025-05-24
382,1809313075045,SKU-00382,Outillage - Fixer Art,Outillage,Stanley,,True,2025-06-25
383,4018704727242,SKU-00383,Électricité - Haïr Violence,Électricité,Bosch,,True,2025-12-11
384,0893448427825,SKU-00384,Plomberie - Dehors Davantage,Plomberie,Makita,,True,2025-08-06
385,5578573374279,SKU-00385,Électricité - Importance Second,Électricité,Uvex,,True,2025-05-09
386,8187212978166,SKU-00386,EPI - Trace Traîner,EPI,Honeywell,EN 166,True,2024-03-02
387,2114045992638,SKU-00387,Outillage - Celui Précieux,Outillage,Honeywell,,True,2024-08-28
388,3765257349315,SKU-00388,Outillage - Vague Gauche,Outillage,Uvex,,True,2024-08-26
389,2208915954892,SKU-00389,Quincaillerie - Conduire Ramener,Quincaillerie,Uvex,,True,2024-12-19
390,3416216289578,SKU-00390,Quincaillerie - Tard Dès,Quincaillerie,Bosch,,True,2024-11-02
391,9034087414833,SKU-00391,Quincaillerie - Arbre Véritable,Quincaillerie,Bosch,,True,2024-07-04
392,9814540847329,SKU-00392,EPI - Général Brusquement,EPI,Bosch,EN 388,True,2025-11-29
393,4600226869533,SKU-00393,EPI - Rire Ensemble,EPI,3M,,True,2026-01-26
394,8617790112367,SKU-00394,Électricité - Commencer Position,Électricité,Honeywell,,True,2025-08-14
395,3214771342581,SKU-00395,Plomberie - Gens Chaise,Plomberie,Stanley,,True,2025-10-01
396,5904223047253,SKU-00396,Outillage - Camarade Mort,Outillage,Makita,,True,2024-09-21
397,3365602394863,SKU-00397,Électricité - Réussir Approcher,Électricité,Makita,,True,2025-03-03
398,0919484968556,SKU-00398,Électricité - Émotion En,Électricité,Honeywell,,True,2024-07-01
399,9217882823400,SKU-00399,EPI - Durant Enlever,EPI,DeltaPlus,EN 166,True,2026-02-06
400,0966035143894,SKU-00400,Outillage - Joindre Attacher,Outillage,Honeywell,,True,2026-01-08
401,5033765953835,SKU-00401,Outillage - Nommer Atteindre,Outillage,Uvex,,True,2026-01-30
402,7266516357004,SKU-00402,Plomberie - Fille Examiner,Plomberie,Uvex,,True,2025-04-12
403,8201513395337,SKU-00403,Électricité - Journal Désespoir,Électricité,Bosch,,True,2025-02-09
404,5321122154811,SKU-00404,Plomberie - Salut Droite,Plomberie,Uvex,,True,2024-03-15
405,7973228258436,SKU-00405,Électricité - Humain Cause,Électricité,Makita,,True,2026-02-04
406,8699973787463,SKU-00406,Plomberie - Appartement Année,Plomberie,Uvex,,True,2024-06-06
407,5398755699835,SKU-00407,Quincaillerie - Regarder Regretter,Quincaillerie,Makita,,True,2025-03-06
408,7922425011931,SKU-00408,Électricité - Ailleurs Attitude,Électricité,Uvex,,True,2026-01-28
409,0356517400070,SKU-00409,Quincaillerie - Nu Tenter,Quincaillerie,Uvex,,True,2025-06-28
410,1630896912461,SKU-00410,Outillage - Agir Lendemain,Outillage,DeltaPlus,,True,2025-05-27
411,1524748151132,SKU-00411,Outillage - Faim Juge,Outillage,Uvex,,True,2026-01-15
412,8693667331802,SKU-00412,EPI - Lever Autre,EPI,Makita,EN ISO 20345,True,2026-01-31
413,4558971479333,SKU-00413,Outillage - Perdu Repousser,Outillage,3M,,True,2025-09-25
414,6971950851698,SKU-00414,Outillage - Plaire Nommer,Outillage,Makita,,True,2026-01-17
415,2980266376546,SKU-00415,Électricité - Grave Somme,Électricité,Uvex,,True,2024-04-14
416,0840438449206,SKU-00416,Plomberie - Comme Là,Plomberie,Stanley,,True,2024-02-26
417,5481233958415,SKU-00417,Plomberie - Parfaitement Dernier,Plomberie,Bosch,,True,2026-02-04
418,9666078261531,SKU-00418,Quincaillerie - Exécuter Vivre,Quincaillerie,DeltaPlus,,True,2024-06-17
419,2455322918027,SKU-00419,Outillage - Science Complètement,Outillage,Uvex,,True,2025-07-11
420,2748662812859,SKU-00420,Outillage - Agir Quand,Outillage,Uvex,,True,2025-01-06
421,2141673175249,SKU-00421,Outillage - Détail Main,Outillage,Uvex,,True,2024-05-05
422,2410829276919,SKU-00422,EPI - Neuf Mauvais,EPI,Makita,EN ISO 20345,True,2024-05-07
423,0915662320789,SKU-00423,Outillage - Personne Chez,Outillage,Uvex,,True,2024-12-25
424,3953761689502,SKU-00424,EPI - Car Mien,EPI,DeltaPlus,EN ISO 20345,True,2025-11-06
425,8548697825381,SKU-00425,Quincaillerie - Comment Vêtir,Quincaillerie,Makita,,True,2024-04-05
426,1821335554773,SKU-00426,Outillage - Quartier Préparer,Outillage,Makita,,True,2025-04-05
427,4594260139823,SKU-00427,Électricité - Profondément Front,Électricité,DeltaPlus,,True,2025-10-06
428,8486242326849,SKU-00428,EPI - Tenter Foi,EPI,Bosch,EN 166,True,2024-12-07
429,0302644376238,SKU-00429,Électricité - Cruel Monsieur,Électricité,Honeywell,,True,2026-01-25
430,3303011713585,SKU-00430,Électricité - Franchir Avis,Électricité,Uvex,,True,2024-08-17
431,4325458227172,SKU-00431,Outillage - Faveur Commun,Outillage,DeltaPlus,,True,2025-02-17
432,7049343358280,SKU-00432,Quincaillerie - Indiquer Campagne,Quincaillerie,Stanley,,True,2025-10-31
433,9968370855709,SKU-00433,Électricité - Forme Côté,Électricité,DeltaPlus,,True,2024-06-20
434,2179788298966,SKU-00434,EPI - Extraordinaire Dont,EPI,Honeywell,EN 149,True,2024-02-20
435,2706035978830,SKU-00435,EPI - Souvent Parent,EPI,Bosch,,True,2024-05-09
436,9087213670702,SKU-00436,EPI - Bord Caresser,EPI,3M,EN 388,True,2025-12-13
437,3653774811869,SKU-00437,Plomberie - Rocher Sortir,Plomberie,Uvex,,True,2025-07-03
438,5878384242201,SKU-00438,EPI - Répondre Valeur,EPI,3M,EN 397,True,2026-01-16
439,7999143157425,SKU-00439,Plomberie - Obliger Gros,Plomberie,Stanley,,True,2024-05-31
440,1429419716132,SKU-00440,Électricité - Troisième Mourir,Électricité,Bosch,,True,2024-10-06
441,3174169484777,SKU-00441,Plomberie - Art Chambre,Plomberie,Stanley,,True,2025-09-09
442,1709644146356,SKU-00442,Plomberie - Étendre Action,Plomberie,3M,,True,2025-08-20
443,3069386957459,SKU-00443,Plomberie - Commander Quelque,Plomberie,Honeywell,,True,2024-07-04
444,2612975474908,SKU-00444,Électricité - Partout Puis,Électricité,Honeywell,,True,2025-06-24
445,3679346963439,SKU-00445,Quincaillerie - Coin Forêt,Quincaillerie,Stanley,,True,2025-03-02
446,3023565664392,SKU-00446,Plomberie - Commun Creuser,Plomberie,Honeywell,,True,2024-09-06
447,0721401463743,SKU-00447,Quincaillerie - Rompre Soudain,Quincaillerie,Bosch,,True,2024-10-07
448,9935637024758,SKU-00448,Plomberie - Souvenir Beaucoup,Plomberie,DeltaPlus,,True,2024-12-05
449,7121787756454,SKU-00449,Plomberie - Village Disparaître,Plomberie,Makita,,True,2025-04-02
450,9249476084539,SKU-00450,EPI - Le Traîner,EPI,Stanley,EN 388,True,2025-02-25
451,1867700462311,SKU-00451,Outillage - Lier Casser,Outillage,Uvex,,True,2026-01-15
452,8344267601269,SKU-00452,EPI - Leur Journal,EPI,3M,EN 388,True,2026-02-10
453,6615724244858,SKU-00453,Outillage - Prier Habitant,Outillage,Bosch,,True,2024-03-04
454,7366263650998,SKU-00454,EPI - Souffler Ce,EPI,3M,EN 397,True,2025-07-25
455,8235483274644,SKU-00455,Électricité - Toucher Bouche,Électricité,Honeywell,,True,2025-04-03
456,7321375609845,SKU-00456,Plomberie - Être Entraîner,Plomberie,Honeywell,,True,2024-12-03
457,5997354245858,SKU-00457,Quincaillerie - Calmer Fin,Quincaillerie,DeltaPlus,,True,2025-03-02
458,6763651126386,SKU-00458,Outillage - Âge Tuer,Outillage,Uvex,,True,2025-04-21
459,2181676243507,SKU-00459,Quincaillerie - Faute Douleur,Quincaillerie,Makita,,True,2024-10-08
460,5636040536244,SKU-00460,Électricité - Personne Mouvement,Électricité,DeltaPlus,,True,2025-03-11
461,3332010371212,SKU-00461,Outillage - État Rompre,Outillage,Uvex,,True,2024-09-06
462,2025773841184,SKU-00462,Plomberie - Rapidement Tomber,Plomberie,Makita,,True,2026-01-06
463,4388667188603,SKU-00463,Outillage - Demande Passion,Outillage,Honeywell,,True,2025-05-15
464,8453951963009,SKU-00464,EPI - Flamme Heureux,EPI,Bosch,EN 388,True,2025-03-21
465,8706788454463,SKU-00465,Outillage - Tomber Tenter,Outillage,Uvex,,True,2025-11-13
466,8260072528938,SKU-00466,Outillage - Surtout Distinguer,Outillage,DeltaPlus,,True,2025-05-05
467,8493134574271,SKU-00467,EPI - Signe Plus,EPI,3M,EN 166,True,2025-06-20
468,0885137134886,SKU-00468,Plomberie - Endroit Considérer,Plomberie,Makita,,True,2024-10-09
469,9731149686626,SKU-00469,Plomberie - Livre Lune,Plomberie,Uvex,,True,2025-12-09
470,2553577807421,SKU-00470,Électricité - Million Lèvre,Électricité,DeltaPlus,,True,2025-01-04
471,3182153166783,SKU-00471,Électricité - Prévenir Amour,Électricité,Makita,,True,2024-06-08
472,7423879974075,SKU-00472,Quincaillerie - Étendre Valeur,Quincaillerie,Makita,,True,2024-11-16
473,1388822356536,SKU-00473,Électricité - Fil Rayon,Électricité,Uvex,,True,2025-11-22
474,9930217880175,SKU-00474,Plomberie - Époque Saison,Plomberie,Bosch,,True,2025-05-22
475,2919632724223,SKU-00475,Électricité - Naître Offrir,Électricité,Honeywell,,True,2024-03-31
476,4711384141147,SKU-00476,EPI - Mort Long,EPI,Bosch,EN 397,True,2024-06-10
477,9202311406194,SKU-00477,Électricité - Aide Brûler,Électricité,Makita,,True,2025-09-02
478,2158293464417,SKU-00478,Quincaillerie - Tourner Hier,Quincaillerie,Bosch,,True,2025-11-07
479,4691849573761,SKU-00479,Quincaillerie - Feu Ordre,Quincaillerie,DeltaPlus,,True,2025-09-04
480,7522165266815,SKU-00480,EPI - Être Bien,EPI,3M,,True,2025-07-08
481,4881710841376,SKU-00481,Plomberie - Moment Côte,Plomberie,Bosch,,True,2024-07-27
482,6159133669135,SKU-00482,EPI - Roi Fine,EPI,Stanley,,True,2025-04-19
483,9666397126801,SKU-00483,Quincaillerie - Rouge Pousser,Quincaillerie,Bosch,,True,2024-03-14
484,1639977123659,SKU-00484,EPI - Large Monter,EPI,Stanley,EN 388,True,2025-02-08
485,3165838812014,SKU-00485,Électricité - Dessus Fermer,Électricité,Bosch,,True,2025-05-31
486,9808891825754,SKU-00486,Électricité - Général Bras,Électricité,Uvex,,True,2024-07-10
487,8272791343815,SKU-00487,Outillage - Secret Intelligence,Outillage,Bosch,,True,2024-03-25
488,4909394074931,SKU-00488,Électricité - Route Pendant,Électricité,Makita,,True,2026-02-08
489,4826216199996,SKU-00489,Électricité - Patron Cerveau,Électricité,DeltaPlus,,True,2024-08-09
490,6528173302959,SKU-00490,Électricité - Existence Entre,Électricité,Uvex,,True,2025-09-23
491,2764939456168,SKU-00491,Électricité - Chasser Désirer,Électricité,Uvex,,True,2026-01-06
492,6274555257880,SKU-00492,Quincaillerie - Couche Sombre,Quincaillerie,Makita,,True,2025-11-08
493,3942721201489,SKU-00493,EPI - Étrange Fonder,EPI,Stanley,EN 388,True,2025-06-19
494,7517880588922,SKU-00494,Quincaillerie - Situation Deviner,Quincaillerie,Honeywell,,True,2024-03-08
495,5421417997991,SKU-00495,Électricité - Situation Humain,Électricité,Uvex,,True,2025-01-30
496,3201723318527,SKU-00496,Électricité - Changement À,Électricité,Stanley,,True,2025-10-07
497,0808806913032,SKU-00497,Plomberie - Joindre Transformer,Plomberie,DeltaPlus,,True,2024-08-12
498,1820853200070,SKU-00498,Électricité - Vendre Commun,Électricité,DeltaPlus,,True,2025-04-12
499,2450018724319,SKU-00499,Quincaillerie - Pain Vert,Quincaillerie,Uvex,,True,2024-06-30
500,2567929987846,SKU-00500,Quincaillerie - Mouvement Voyage,Quincaillerie,DeltaPlus,,True,2025-05-13
